x_upper,y_upper,x_lower,y_lower
0.0,0.0,0.0,0.0
-0.00010764486176651579,0.0027168591815291687,0.0006010844960349158,-0.002643767135171433
0.0003949106734353738,0.005496919308329722,0.001578360898293067,-0.005248164525864067
0.0014370043656683432,0.008294894320008251,0.0030010310312516605,-0.007792719585161316
0.0030022988253197796,0.01109049038912697,0.004882999860202345,-0.010270492652100742
0.005081586929510642,0.013872207503488197,0.007230072475351588,-0.012679430122817623
0.007667894638511286,0.016635048239247854,0.010044854632799992,-0.015021925722140197
0.01075532912961686,0.019375328460190164,0.013327908931635706,-0.017300412955382
0.014338027078912434,0.02209602454688217,0.017078811792456492,-0.01952311844095158
0.018409649060197108,0.02481114835505344,0.021296665262859827,-0.021708674969988084
0.022963849374101605,0.027537159573721395,0.025979634330744864,-0.023877685173918528
0.027994436986158625,0.030287778396391823,0.03112479405961592,-0.026047636061929058
0.03349588068330624,0.03306159225165589,0.036727633428442305,-0.02822057736925364
0.03946284564794667,0.03584604626523095,0.04278252866807219,-0.03038716409378447
0.04588985038115183,0.03862146038610975,0.049283097152828706,-0.032530712513418034
0.05277061937839612,0.04137366984450425,0.05622285643323598,-0.03463987032500677
0.060098547352710606,0.04408505860318261,0.06359477260342582,-0.0366996731530848
0.0678659226453413,0.04675273671985709,0.07139205035071505,-0.03870974008878383
0.07606465659834548,0.04937388702787378,0.07960741789963945,-0.040669634875147506
0.08468610766156576,0.05195040558198889,0.08823331806387241,-0.042583518045570395
0.0937217338232737,0.05447181737972702,0.09726127180177885,-0.04444307215101573
0.10316214460392356,0.056940003121824255,0.10668284302038603,-0.04625223630277112
0.11299794070357164,0.059346699332836914,0.11648881652063911,-0.04800471270097198
0.1232192435800575,0.061686228660358305,0.12666968678948293,-0.049696702234491116
0.13381575403380952,0.06395447686130236,0.13721561854477893,-0.051325885867863866
0.1447768372790824,0.06614655677427692,0.14811638153437004,-0.05288909227696941
0.15609173109754454,0.06824910660640124,0.15936116297376685,-0.05437459919099763
0.1677488150369256,0.07026726159863107,0.17093931963942258,-0.05578910760836735
0.17973676801943814,0.0721820130919023,0.18283924223187223,-0.05711510299277274
0.19204349729930423,0.0739908379845159,0.19504944904771918,-0.058351486508245544
0.20465667006792765,0.07568843151746137,0.20755807763959921,-0.05949430928625977
0.21756373409867927,0.07726534045060413,0.22035288804919015,-0.06053540683447975
0.2307515656568294,0.07872573711667513,0.23342163936417407,-0.06148017411301826
0.24420717390210026,0.08005317660490122,0.24675141034752854,-0.062313323562705136
0.2579168273483935,0.08125632710911432,0.2603294985498913,-0.06304461614775564
0.27186689370453265,0.08232513593062292,0.2741426065559206,-0.06366502792647528
0.2860435667701014,0.08324317359872005,0.28817714166482594,-0.06415909463275596
0.30043262601867116,0.08400400548686737,0.30241948334654833,-0.06452128366338811
0.3150196324610896,0.08460084681407247,0.31685581485423225,-0.06474564937526504
0.3297900102492948,0.08502029454714768,0.33147206950541375,-0.06481956522067417
0.3447288919232427,0.08525541456841346,0.34625411370180986,-0.06473681109600099
0.35982113080228983,0.08530964281972439,0.36118776315848067,-0.06450147462399228
0.3750515861821377,0.08516982631464397,0.37625852665300735,-0.06410099226938325
0.3904047494552616,0.08484891078629826,0.39145200914819567,-0.0635488370622767
0.40586520401487347,0.08433417165005691,0.4067534813994018,-0.06283274961429758
0.421417223757365,0.0836437134415135,0.42214831120240404,-0.06197123759300089
0.4370451702152769,0.08276981076168542,0.43762159622041885,-0.06095691669068391
0.4527332233553933,0.08172952570351259,0.45315846332609216,-0.05980712806521262
0.4684655924743843,0.0805284723805088,0.46874388799630223,-0.05852770287661012
0.4842264614896755,0.07917168595450046,0.4843627794321961,-0.05712383131864684
0.49999999999999994,0.07767045969099046,0.49999999999999994,-0.055606899675725296
0.5157703963199024,0.07603001244461735,0.5156403627582259,-0.05398215780876373
0.5315218835907473,0.07427062651230633,0.5312686359385662,-0.05226985700840765
0.5472387154105918,0.0723896389648496,0.5468695979079226,-0.05046724132654962
0.5629052374278016,0.07040439507365268,0.5624279961365026,-0.04859150100265118
0.5785058452222618,0.06832091335692936,0.5779286198179692,-0.04664843750841676
0.5940250556792769,0.06615275306189862,0.5933562589064479,-0.04465133102613928
0.6094473942049522,0.06389751928577678,0.6086958471915901,-0.04259744556175521
0.6247576499323704,0.06157671461535584,0.6239322372324843,-0.04050788057009512
0.6399406379458904,0.05919457984507705,0.6390504680933388,-0.038386411649344934
0.654981335513745,0.05675881671395662,0.6540356588612024,-0.03624021324154415
0.6698650388503249,0.05429165383384303,0.6688728813949665,-0.034090924507369516
0.6845770528353885,0.051797113340983726,0.6835474998492894,-0.0319419159021763
0.6991029202810525,0.04928429050654721,0.698044970353728,-0.029801568683067943
0.7134285170704268,0.04677103496669824,0.7123507744946459,-0.027686956000734144
0.7275397964480282,0.04426347898966378,0.7264507032915185,-0.025603370985516148
0.7414229899328877,0.04177105080048174,0.7403306841688277,-0.023559339839123047
0.7550645574603627,0.039301831621111616,0.7539768582900086,-0.02156197857891554
0.768451343458424,0.03687039300336767,0.767375451520573,-0.01962482999971081
0.7815702308155928,0.03447807086782393,0.7805131470365375,-0.017748137251699554
0.7944087054425877,0.0321422915871743,0.7933765468498852,-0.01594816935597269
0.80695418295536,0.029861944347871833,0.8059528706976161,-0.01422259287160146
0.8191947975016592,0.027654488481420946,0.8182291922470305,-0.012587578382291392
0.8311186277029544,0.02552009025212225,0.8301932376206974,-0.01104193626185853
0.8427142002267259,0.02346422301257719,0.8418329057019628,-0.009589715597173575
0.8539703411763484,0.021490635396068755,0.8531364400101991,-0.008233170898761251
0.8648763258971973,0.01960638608068433,0.864092301524214,-0.006977795087245825
0.875421421600057,0.017805866887505697,0.8746896480304026,-0.005816340461638511
0.8855958100130094,0.016101721809298874,0.8849174327627797,-0.004759735177433939
0.8953895078989481,0.01448870397196694,0.8947655044767423,-0.0038009371529138065
0.9047931953969339,0.012970465220050584,0.9042237989780135,-0.002941719991339296
0.9137977868981485,0.011545868030423163,0.9132827873764134,-0.002178980494004666
0.9223947138722111,0.010216942209659397,0.9219332116298038,-0.001512690056933115
0.9305758919504191,0.008987120979269687,0.9301661350535245,-0.0009441243481964328
0.9383332742168008,0.00785030118099905,0.9379734058270627,-0.00046491573090123774
0.9456595548541361,0.006808252655888395,0.9453469693342317,-7.445313639090631e-05
0.9525473282992852,0.005851037182951024,0.9522797241667341,0.0002397106897406992
0.9589902394523186,0.004982515217092955,0.9587643862316624,0.00047636695435352523
0.9649820213852293,0.004198782819212505,0.9647944645030221,0.0006422320631897481
0.970516663692311,0.003492828683996724,0.9703641052619145,0.0007473136504660351
0.9755888796995937,0.0028632484515720394,0.9754676365955599,0.0007962259482308235
0.9801936687032002,0.002305763443096721,0.9801000169737428,0.0007967099419686326
0.9843264372717673,0.0018157563157682299,0.9842567238568638,0.0007571497901623606
0.9879832735800412,0.001392336909615805,0.9879334883587062,0.0006825785951923569
0.991160414266102,0.0010301602366856635,0.9911268364625866,0.0005829622804220051
0.9938546396978734,0.0007257727225373667,0.9938337008972644,0.00046700465813320595
0.9960631937931597,0.0004763651462979686,0.9960515075213181,0.00034363259072826943
0.997783687719724,0.000278915360483733,0.997778276883356,0.00022325937436320302
0.9990142683722794,0.00013258665500043458,0.9990124600559922,0.00011616812746522036
0.9997534225531349,3.762287120677324e-05,0.9997531378125967,3.546917515096259e-05
1.0,0.0,1.0,0.0
